"取引日時","通貨","取引種別","取引価格","通貨1","通貨1数量","手数料","通貨1の対円レート","通貨2","通貨2数量","手数料(JPY)","課税区分","自己・媒介","注文 ID","備考"
"2024/03/05 09:25:58","SHIB/JPY","売り","0.0052709","SHIB","-1,000,000","0","0.0052709","JPY","5,270","0","","自己","BFF20240305-002558-013568",""
"2024/03/03 09:03:15","SHIB/JPY","売り","0.0031416","SHIB","-1,000,000","0","0.0031416","JPY","3,141","0","","自己","BFF20240303-000315-690453",""
"2024/03/02 19:15:26","SHIB/JPY","売り","0.0030711","SHIB","-1,000,000","0","0.0030711","JPY","3,071","0","","自己","BFF20240302-101526-805106",""
"2024/02/29 19:08:59","DOGE/JPY","買い","19.75","DOGE","50","0","19.75","JPY","-988","0","","自己","BFF20240229-100859-048876",""
"2024/02/29 19:04:35","XEM/JPY","売り","5.664","XEM","-120.599971","0","5.664","JPY","683","0","","自己","BFF20240229-100435-975729",""
"2024/02/29 18:59:24","DOGE/JPY","買い","20.09","DOGE","100","0","20.09","JPY","-2,009","0","","自己","BFF20240229-095924-893140",""
"2024/02/29 12:57:41","SHIB/JPY","売り","0.0017557","SHIB","-2,000,000","0","0.0017557","JPY","3,511","0","","自己","BFF20240229-035741-065510",""
"2024/02/27 00:21:15","SHIB/JPY","買い","0.0015403","SHIB","900,000","0","0.0015403","JPY","-1,387","0","","自己","BFF20240226-152115-653795",""
"2024/01/23 18:40:10","SHIB/JPY","買い","0.0013259","SHIB","100,000","0","0.0013259","JPY","-133","0","","自己","BFF20240123-094010-912291",""
"2024/01/19 12:41:58","SHIB/JPY","買い","0.0014155","SHIB","3,000,000","0","0.0014155","JPY","-4,247","0","","自己","BFF20240119-034158-430651",""
"2024/01/11 22:35:40","SHIB/JPY","売り","0.0014332","SHIB","-2,339,947.45624837","0","0.0014332","JPY","3,353","0","","自己","BFF20240111-133540-020582",""
"2024/01/11 22:12:20","SHIB/JPY","売り","0.0014425","SHIB","-3,840,398.8907467","0","0.0014425","JPY","5,539","0","","自己","BFF20240111-131220-717416",""
"2024/01/08 14:10:08","SHIB/JPY","買い","0.0013444","SHIB","1,332,192.79976197","0","0.0013444","JPY","-1,791","0","","自己","BFF20240108-051008-947319",""
"2024/01/08 09:07:09","SHIB/JPY","買い","0.0013749","SHIB","727,325.62368172","0","0.0013749","JPY","-1,000","0","","自己","BFF20240108-000709-891574",""
"2024/01/03 22:53:23","SHIB/JPY","買い","0.0014038","SHIB","1,780,880.46730303","0","0.0014038","JPY","-2,500","0","","自己","BFF20240103-135323-313820",""
"2023/12/17 09:07:42","SHIB/JPY","売り","0.0015872","SHIB","-630,040.32258065","0","0.0015872","JPY","1,000","0","","自己","BFF20231217-000742-690674",""
"2023/12/06 20:06:09","SHIB/JPY","売り","0.0014578","SHIB","-724,379.20153657","0","0.0014578","JPY","1,056","0","","自己","BFF20231206-110609-434952",""
"2023/12/06 16:03:00","SHIB/JPY","売り","0.0014033","SHIB","-1,157,675","0","0.0014033","JPY","1,624","0","","自己","BFF20231206-070300-393404",""
"2023/12/02 10:49:37","SHIB/JPY","買い","0.0012957","SHIB","1,157,675.38782125","0","0.0012957","JPY","-1,500","0","","自己","BFF20231202-014937-044795",""
"2023/11/11 10:19:01","SHIB/JPY","売り","0.0012489","SHIB","-800,704.62006566","0","0.0012489","JPY","1,000","0","","自己","BFF20231111-011901-237019",""
"2023/11/09 17:54:54","XYM/JPY","売り","4.17","XYM","-239.808154","0","4.17","JPY","1,000","0","","自己","BFF20231109-085454-905467",""
"2023/11/07 06:50:02","XYM/JPY","売り","4.04","XYM","-275","0","4.04","JPY","1,111","0","","自己","BFF20231106-215002-728236",""
"2023/09/20 21:13:45","XYM/JPY","買い","3.71","XYM","269.541778","0","3.71","JPY","-1,000","","","自己","BFF20230920-121345-998145",""
"2023/09/11 20:19:56","SHIB/JPY","買い","0.0010959","SHIB","912,492.01569486","0","0.0010959","JPY","-1,000","","","自己","BFF20230911-111956-981467",""
"2023/09/11 08:13:01","SHIB/JPY","買い","0.0011416","SHIB","875,963.5599159","0","0.0011416","JPY","-1,000","","","自己","BFF20230910-231301-774183",""
"2023/09/11 08:09:33","JPY","入金","0","JPY","3,000","0","0","","0","","","","MDP20230910-230933-731461",""
"2023/08/08 12:46:24","SHIB/JPY","買い","0.0013466","SHIB","609,683.64770533","0","0.0013466","JPY","-821","","","自己","BFF20230808-034624-791297",""
"2023/08/08 12:25:36","SHIB/JPY","買い","0.0013405","SHIB","74,599.0302126","0","0.0013405","JPY","-100","","","自己","BFF20230808-032536-517295",""
"2023/07/25 07:28:03","SHIB/JPY","買い","0.0011359","SHIB","1,000,000","0","0.0011359","JPY","-1,136","","","自己","BFF20230724-222803-664560",""
"2023/07/13 08:11:22","SHIB/JPY","買い","0.0010895","SHIB","1,000,000","0","0.0010895","JPY","-1,090","","","自己","BFF20230712-231122-814636",""
"2023/07/11 18:42:41","SHIB/JPY","買い","0.0011118","SHIB","1,600,000","0","0.0011118","JPY","-1,779","","","自己","BFF20230711-094241-429446",""
"2023/07/08 09:49:56","XYM/JPY","買い","4.32","XYM","417","0","4.32","JPY","-1,802","","","自己","BFF20230708-004956-617164",""
"2023/07/08 08:29:40","SHIB/JPY","買い","0.0010922","SHIB","1,000,000","0","0.0010922","JPY","-1,093","","","自己","BFF20230707-232940-647625",""
"2023/07/07 18:59:36","SHIB/JPY","買い","0.0010883","SHIB","1,000,000","0","0.0010883","JPY","-1,089","","","自己","BFF20230707-095936-236642",""
"2023/07/06 23:35:21","SHIB/JPY","買い","0.0010891","SHIB","1,000,000","0","0.0010891","JPY","-1,090","","","自己","BFF20230706-143521-939311",""
"2023/07/06 23:33:37","JPY","入金","0","JPY","10,000","0","0","","0","","","","MDP20230706-143337-918170",""
"2023/06/11 20:39:26","SHIB/JPY","買い","0.0009867","SHIB","284,787.67609202","0","0.0009867","JPY","-281","","","自己","BFF20230611-113926-696028",""
"2023/06/10 17:18:28","SHIB/JPY","買い","0.0009284","SHIB","269,280.48255062","0","0.0009284","JPY","-250","","","自己","BFF20230610-081828-050060",""
"2023/06/10 14:41:15","SHIB/JPY","買い","0.000931","SHIB","429,645.54242749","0","0.000931","JPY","-400","","","自己","BFF20230610-054115-157503",""
"2023/06/10 14:03:16","SHIB/JPY","買い","0.0008828","SHIB","113,275.9401903","0","0.0008828","JPY","-100","","","自己","BFF20230610-050316-707926",""
"2023/06/10 14:02:21","XEM/JPY","売り","3.319","XEM","-100","0","3.319","JPY","331","","","自己","BFF20230610-050221-696616",""
"2023/06/10 14:02:08","XYM/JPY","売り","3.35","XYM","-149.253732","0","3.35","JPY","500","","","自己","BFF20230610-050208-693985",""
"2023/06/10 13:59:42","SHIB/JPY","買い","0.0008765","SHIB","114,090.13120365","0","0.0008765","JPY","-100","","","自己","BFF20230610-045942-663888",""
"2023/06/10 11:47:46","SHIB/JPY","買い","0.0010526","SHIB","190,005.700171","0","0.0010526","JPY","-200","","","自己","BFF20230610-024746-013902",""
"2023/06/10 11:41:28","SHIB/JPY","買い","0.0011276","SHIB","443,419.65235899","0","0.0011276","JPY","-500","","","自己","BFF20230610-024128-928476",""
"2023/06/10 11:41:11","XYM/JPY","売り","3.51","XYM","-284.900285","0","3.51","JPY","1,000","","","自己","BFF20230610-024111-925125",""
"2023/05/16 09:40:02","SHIB/JPY","買い","0.0012576","SHIB","795,165.39440203","0","0.0012576","JPY","-1,000","","","自己","BFF20230516-004002-662603",""
"2023/05/10 21:45:43","SHIB/JPY","買い","0.0012818","SHIB","780,152.90997035","0","0.0012818","JPY","-1,000","","","自己","BFF20230510-124543-332696",""
"2023/05/10 21:42:55","JPY","入金","0","JPY","2,000","0","0","","0","","","","MDP20230510-124255-299017",""
"2023/04/16 22:59:14","SHIB/JPY","買い","0.0016256","SHIB","3,075.78740157","0","0.0016256","JPY","-5","","","自己","BFF20230416-135914-970424",""
"2023/04/16 22:58:52","XEM/JPY","売り","5.354","XEM","-1","0","5.354","JPY","5","","","自己","BFF20230416-135852-965968",""
"2023/04/16 11:59:29","SHIB/JPY","買い","0.0016347","SHIB","1,223,466.07940294","0","0.0016347","JPY","-2,000","","","自己","BFF20230416-025929-048939",""
"2023/04/16 11:55:16","JPY","入金","0","JPY","2,000","0","0","","0","","","","MDP20230416-025516-996921",""
"2023/04/16 11:51:17","SHIB/JPY","買い","0.0016328","SHIB","775,967.66291033","0","0.0016328","JPY","-1,267","","","自己","BFF20230416-025117-947322",""
"2023/04/16 11:51:05","XRP/JPY","売り","66.24","XRP","-19.142419","0","66.24","JPY","1,267","","","自己","BFF20230416-025105-945083",""
"2023/01/15 15:39:18","XYM/JPY","買い","4.99","XYM","200.400801","0","4.99","JPY","-1,000","","","自己","BFF20230115-063918-469905",""
"2023/01/15 15:39:06","XRP/JPY","買い","52.24","XRP","19.142419","0","52.24","JPY","-1,000","","","自己","BFF20230115-063906-467434",""
"2023/01/15 15:38:24","XYM/JPY","買い","4.99","XYM","200.400801","0","4.99","JPY","-1,000","","","自己","BFF20230115-063824-459578",""
"2023/01/15 15:36:48","JPY","入金","0","JPY","3,000","0","0","","0","","","","MDP20230115-063648-440518",""
"2023/01/10 21:05:21","XYM","預入","0","XYM","117","0","4.29","","0","","","","CDP20230110-120521-534525",""
"2022/11/10 10:19:17","XEM/JPY","買い","4.66","XEM","59.656652","0","4.66","JPY","-278","","","自己","BFF20221110-011917-331538",""
"2022/11/10 10:19:07","XLM/JPY","売り","12.046","XLM","-20","0","12.046","JPY","240","","","自己","BFF20221110-011907-329785",""
"2022/11/10 01:21:46","XEM/JPY","買い","4.94","XEM","161.943319","0","4.94","JPY","-800","","","自己","BFF20221109-162146-889327",""
"2022/11/05 00:30:39","JPY","手数料","0","JPY","-550","0","0","","0","","","","MWD20221104-153039-418921F",""
"2022/11/05 00:30:39","JPY","出金","0","JPY","-7,000","0","0","","0","","","","MWD20221104-153039-418921",""
"2022/11/05 00:29:15","XYM/JPY","売り","5.46","XYM","-1,500.826094","0","5.46","JPY","8,194","","","自己","BFF20221104-152915-403256",""
"2022/11/01 05:32:05","JPY","手数料","0","JPY","-550","0","0","","0","","","","MWD20221031-203205-646303F",""
"2022/11/01 05:32:05","JPY","出金","0","JPY","-5,000","0","0","","0","","","","MWD20221031-203205-646303",""
"2022/11/01 05:29:21","XEM/JPY","売り","5.5","XEM","-1,044.426889","0","5.5","JPY","5,744","","","自己","BFF20221031-202921-616743",""
"2022/05/28 13:19:11","XEM/JPY","買い","6.32","XEM","355.379746","0","6.32","JPY","-2,246","","","自己","BFF20220528-041911-571317",""
"2022/05/28 13:18:59","BTC/JPY","売り","3,549,871","BTC","-0.00063295","0","3,549,871","JPY","2,246","","","自己","BFF20220528-041859-569765",""
"2022/05/13 10:18:05","XYM/JPY","買い","9.38","XYM","459.594882","0","9.38","JPY","-4,311","","","自己","BFF20220513-011805-973992",""
"2022/05/13 10:17:51","XEM/JPY","売り","5.31","XEM","-811.864407","0","5.31","JPY","4,311","","","自己","BFF20220513-011751-971087",""
"2022/05/08 11:30:03","XYM/JPY","買い","11.14","XYM","40.394973","0","11.14","JPY","-450","","","自己","BFF20220508-023003-586503",""
"2022/05/08 11:29:41","BTC/JPY","買い","4,658,083","BTC","0.00021468","0","4,658,083","JPY","-1,000","","","自己","BFF20220508-022941-582026",""
"2022/05/08 08:59:58","XYM/JPY","買い","11.67","XYM","100","0","11.67","JPY","-1,167","","","自己","BFF20220507-235958-879067",""
"2022/05/08 08:55:57","XYM/JPY","買い","11.75","XYM","100","0","11.75","JPY","-1,175","","","自己","BFF20220507-235557-836591",""
"2022/05/08 07:13:42","BTC/JPY","買い","4,743,224","BTC","0.00021082","0","4,743,224","JPY","-1,000","","","自己","BFF20220507-221342-746958",""
"2022/05/07 21:29:49","XYM/JPY","買い","12.07","XYM","70","0","12.07","JPY","-845","","","自己","BFF20220507-122949-662126",""
"2022/05/07 17:01:17","XYM/JPY","買い","11.89","XYM","10","0","11.89","JPY","-119","","","自己","BFF20220507-080117-862111",""
"2022/05/07 16:24:28","XYM/JPY","買い","11.87","XYM","10","0","11.87","JPY","-119","","","自己","BFF20220507-072428-475238",""
"2022/05/07 10:50:57","XYM/JPY","買い","12.07","XYM","29","0","12.07","JPY","-351","","","自己","BFF20220507-015057-827427",""
"2022/05/07 10:45:25","XEM/JPY","買い","11.33","XEM","31","0","11.33","JPY","-352","","","自己","BFF20220507-014525-764278",""
"2022/05/07 10:44:58","BTC/JPY","買い","4,840,147","BTC","0.0002066","0","4,840,147","JPY","-1,000","","","自己","BFF20220507-014458-758829",""
"2022/05/07 10:43:56","XYM/JPY","買い","12.07","XYM","100","0","12.07","JPY","-1,207","","","自己","BFF20220507-014356-746070",""
"2022/05/07 09:18:55","XYM/JPY","買い","12.15","XYM","100","0","12.15","JPY","-1,215","","","自己","BFF20220507-001855-775258",""
"2022/05/07 09:18:16","JPY","入金","0","JPY","10,000","0","0","","0","","","","MDP20220507-001816-768542",""
"2022/04/26 08:49:31","XYM/JPY","買い","14.61","XYM","21.013004","0","14.61","JPY","-307","","","自己","BFF20220425-234931-384833",""
"2022/04/25 20:01:16","XYM/JPY","買い","14.2","XYM","100","0","14.2","JPY","-1,420","","","自己","BFF20220425-110116-327254",""
"2022/04/25 17:42:36","XEM/JPY","買い","12.34","XEM","30","0","12.34","JPY","-371","","","自己","BFF20220425-084236-854741",""
"2022/04/25 09:35:40","XEM/JPY","買い","12.45","XEM","30","0","12.45","JPY","-374","","","自己","BFF20220425-003540-502884",""
"2022/04/25 09:35:19","XYM/JPY","買い","14.81","XYM","20","0","14.81","JPY","-297","","","自己","BFF20220425-003519-499459",""
"2022/04/18 18:42:22","XYM/JPY","買い","14.64","XYM","10","0","14.64","JPY","-147","","","自己","BFF20220418-094222-426530",""
"2022/04/12 09:15:11","XEM/JPY","買い","12.46","XEM","10","0","12.46","JPY","-125","","","自己","BFF20220412-001511-758068",""
"2022/04/12 06:37:49","XEM/JPY","買い","12.58","XEM","10","0","12.58","JPY","-126","","","自己","BFF20220411-213749-061187",""
"2022/04/11 22:48:51","XYM/JPY","買い","14.82","XYM","10","0","14.82","JPY","-149","","","自己","BFF20220411-134851-127474",""
"2022/04/11 22:02:31","XYM/JPY","買い","14.94","XYM","15","0","14.94","JPY","-225","","","自己","BFF20220411-130231-631103",""
"2022/04/11 20:11:16","XEM/JPY","買い","13.16","XEM","10","0","13.16","JPY","-132","","","自己","BFF20220411-111116-439225",""
"2022/04/11 20:10:50","XYM/JPY","買い","15.32","XYM","10","0","15.32","JPY","-154","","","自己","BFF20220411-111050-434840",""
"2022/04/11 18:43:24","XYM/JPY","買い","15.73","XYM","10","0","15.73","JPY","-158","","","自己","BFF20220411-094324-523320",""
"2022/04/11 17:23:29","XEM/JPY","買い","13.32","XEM","10","0","13.32","JPY","-134","","","自己","BFF20220411-082329-686898",""
"2022/04/11 09:43:20","XEM/JPY","買い","13.41","XEM","10","0","13.41","JPY","-135","","","自己","BFF20220411-004320-586223",""
"2022/04/11 09:42:51","XYM/JPY","買い","15.81","XYM","10","0","15.81","JPY","-159","","","自己","BFF20220411-004251-581494",""
"2022/04/11 09:12:00","XYM/JPY","買い","15.85","XYM","10","0","15.85","JPY","-159","","","自己","BFF20220411-001200-255120",""
"2022/04/10 23:13:26","XYM/JPY","買い","15.89","XYM","50","0","15.89","JPY","-795","","","自己","BFF20220410-141326-979701",""
"2022/04/10 06:27:57","XYM/JPY","買い","16.04","XYM","50","0","16.04","JPY","-802","","","自己","BFF20220409-212757-172982",""
"2022/04/10 05:02:49","XYM/JPY","買い","16.48","XYM","50","0","16.48","JPY","-824","","","自己","BFF20220409-200249-285222",""
"2022/04/09 10:02:44","XEM/JPY","買い","13.49","XEM","100","0","13.49","JPY","-1,349","","","自己","BFF20220409-010244-106045",""
"2022/04/09 08:58:04","XYM/JPY","買い","16.58","XYM","100","0","16.58","JPY","-1,658","","","自己","BFF20220408-235804-415259",""
"2022/04/09 08:56:30","JPY","入金","0","JPY","10,000","0","0","","0","","","","MDP20220408-235630-397684",""
"2022/03/26 20:57:25","XYM","預入","0","XYM","15","0","18.795","","0","","","","CDP20220326-115725-537643",""
"2022/03/24 16:38:25","XYM","受取","0","XYM","0.823235","0","18.125","","0","","","","REC20220324-073825-716491","株式会社　bitFlyer XYM Optin(2022/03/24)"
"2021/12/29 07:12:17","XEM/JPY","買い","15.617","XEM","92.91157","0","15.617","JPY","-1,451","","","自己","BFF20211228-221217-193718",""
"2021/12/25 02:20:27","BTC","受取","0","BTC","0.00000085","0","5,811,550","","0","","","","REC20211224-172027-372365","bitFlyer Login Bonus(2021/12/25)"
"2021/12/21 07:25:07","XEM/JPY","買い","15.006","XEM","66.64001","0","15.006","JPY","-1,000","","","自己","BFF20211220-222507-340334",""
"2021/12/18 13:16:11","XEM/JPY","買い","15.406","XEM","490","0","15.406","JPY","-7,549","","","自己","BFF20211218-041611-503812",""
"2021/12/18 13:13:18","JPY","入金","0","JPY","10,000","0","0","","0","","","","MDP20211218-041318-479533",""
"2021/11/11 22:15:29","XEM/JPY","買い","23.308","XEM","110.090955","0","23.308","JPY","-2,566","","","自己","BFF20211111-131529-677658",""
"2021/11/07 19:15:39","XEM/JPY","売り","23.167","XEM","-100","0","23.167","JPY","2,316","","","自己","BFF20211107-101539-278007",""
"2021/11/05 20:30:35","XEM/JPY","買い","23.98","XEM","55","0","23.98","JPY","-1,319","","","自己","BFF20211105-113035-045332",""
"2021/11/05 12:42:43","XEM/JPY","買い","24.267","XEM","32.96658","0","24.267","JPY","-800","","","自己","BFF20211105-034243-412329",""
"2021/11/04 07:54:50","XLM/JPY","買い","46.182","XLM","20","0","46.182","JPY","-924","","","自己","BFF20211103-225450-722634",""
"2021/11/03 09:41:47","XEM/JPY","売り","23.69","XEM","-50","0","23.69","JPY","1,184","","","自己","BFF20211103-004147-313783",""
"2021/11/01 10:03:17","XEM/JPY","売り","21.097","XEM","-100","0","21.097","JPY","2,109","","","自己","BFF20211101-010317-020897",""
"2021/10/27 18:13:30","XEM/JPY","買い","18.682","XEM","62.252435","0","18.682","JPY","-1,163","","","自己","BFF20211027-091330-942764",""
"2021/10/16 12:40:57","XEM/JPY","買い","20.85","XEM","400","0","20.85","JPY","-8,340","","","自己","BFF20211016-034057-341835",""
"2021/10/16 09:15:16","XEM/JPY","買い","20.727","XEM","100","0","20.727","JPY","-2,073","","","自己","BFF20211016-001516-626095",""
"2021/10/16 07:21:25","XEM/JPY","買い","20.875","XEM","100","0","20.875","JPY","-2,088","","","自己","BFF20211015-222125-738279",""
"2021/10/11 17:35:23","XEM","預入","0","XEM","0.05","0","20.695","","0","","","","CDP20211011-083523-493808",""
"2021/10/09 11:09:44","XEM/JPY","売り","18.818","XEM","-436.867249","0","18.818","JPY","8,220","","","自己","BFF20211009-020944-069210",""
"2021/10/03 15:31:37","BTC/JPY","売り","5,164,576","BTC","-0.00105416","0","5,164,576","JPY","5,444","","","自己","BFF20211003-063137-971057",""
"2021/09/22 07:13:17","BTC/JPY","買い","4,668,242","BTC","0.00021999","0","4,668,242","JPY","-1,027","","","自己","BFF20210921-221317-733221",""
"2021/09/22 07:12:38","XEM/JPY","買い","16.84","XEM","59.382422","0","16.84","JPY","-1,000","","","自己","BFF20210921-221238-727958",""
"2021/09/21 14:43:23","BTC/JPY","買い","4,795,151","BTC","0.00083417","0","4,795,151","JPY","-4,000","","","自己","BFF20210921-054323-252905",""
"2021/09/21 08:39:50","XEM/JPY","買い","17.754","XEM","56.325335","0","17.754","JPY","-1,000","","","自己","BFF20210920-233950-273387",""
"2021/09/21 06:40:04","XEM/JPY","買い","18.266","XEM","54.746523","0","18.266","JPY","-1,000","","","自己","BFF20210920-214004-336776",""
"2021/09/20 21:39:19","XEM/JPY","買い","17.479","XEM","57.21151","0","17.479","JPY","-1,000","","","自己","BFF20210920-123919-147761",""
"2021/09/20 20:39:28","XEM/JPY","買い","18.493","XEM","54.074514","0","18.493","JPY","-1,000","","","自己","BFF20210920-113928-689953",""
"2021/09/20 18:22:04","XEM/JPY","買い","19.339","XEM","155.126945","0","19.339","JPY","-3,000","","","自己","BFF20210920-092204-642772",""
"2021/09/17 10:17:22","XEM/JPY","売り","19.475","XEM","-290.251848","0","19.475","JPY","5,652","","","自己","BFF20210917-011722-568343",""
"2021/09/16 23:02:24","BTC/JPY","売り","5,059,750","BTC","-0.00145773","0","5,059,750","JPY","7,375","","","自己","BFF20210916-140224-255671",""
"2021/09/14 00:26:47","BTC","受取","0","BTC","0.00000102","0","5,105,362","","0","","","","REC20210913-152647-677723","bitFlyer Login Bonus(2021/09/14)"
"2021/09/12 11:59:43","BTC/JPY","買い","5,128,736","BTC","0.00048238","0","5,128,736","JPY","-2,474","","","自己","BFF20210912-025943-783292",""
"2021/09/11 18:39:32","BTC/JPY","買い","5,131,699","BTC","0.00097433","0","5,131,699","JPY","-5,000","","","自己","BFF20210911-093932-943934",""
"2021/09/11 00:40:47","XEM/JPY","買い","20.62","XEM","72.744907","0","20.62","JPY","-1,500","","","自己","BFF20210910-154047-557104",""
"2021/09/08 17:24:07","XEM/JPY","買い","19.823","XEM","75.669676","0","19.823","JPY","-1,500","","","自己","BFF20210908-082407-677585",""
"2021/09/08 06:59:42","XEM/JPY","買い","21.151","XEM","141.837265","0","21.151","JPY","-3,000","","","自己","BFF20210907-215942-708493",""
"2021/08/24 14:57:48","XEM/JPY","売り","22.172","XEM","-300","0","22.172","JPY","6,651","","","自己","BFF20210824-055748-135115",""
"2021/08/10 15:29:47","XEM/JPY","買い","21.105","XEM","300","0","21.105","JPY","-6,332","","","自己","BFF20210810-062947-888892",""
"2021/08/07 18:18:10","XEM/JPY","売り","19.036","XEM","-200","0","19.036","JPY","3,807","","","自己","BFF20210807-091810-183584",""
"2021/08/07 18:15:54","XEM/JPY","売り","19.05","XEM","-75.635433","0","19.05","JPY","1,440","","","自己","BFF20210807-091554-166134",""
"2021/08/01 11:50:22","XEM/JPY","売り","19.04","XEM","-100","0","19.04","JPY","1,904","","","自己","BFF20210801-025022-971756",""
"2021/07/28 18:50:18","XEM/JPY","買い","18.597","XEM","268.860568","0","18.597","JPY","-5,000","","","自己","BFF20210728-095018-184323",""
"2021/07/28 11:26:58","XEM/JPY","買い","18.731","XEM","106.774865","0","18.731","JPY","-2,000","","","自己","BFF20210728-022658-670816",""
"2021/07/25 18:22:45","XEM/JPY","売り","15.499","XEM","-671.047022","0","15.499","JPY","10,400","","","自己","BFF20210725-092245-213547",""
"2021/07/25 10:14:20","BTC/JPY","売り","3,661,439","BTC","-0.00000134","0","3,661,439","JPY","4","","","自己","BFF20210725-011420-359323",""
"2021/07/24 09:09:28","BTC","受取","0","BTC","0.00000134","0","3,741,021","","0","","","","REC20210724-000928-887093","bitFlyer Login Bonus(2021/07/24)"
"2021/07/18 12:31:29","XEM/JPY","売り","14.967","XEM","-173.715508","0","14.967","JPY","2,600","","","自己","BFF20210718-033129-445103",""
"2021/07/18 07:03:09","XEM/JPY","買い","18.669","XEM","0.428517","0","18.669","JPY","-8","","","自己","BFF20210717-220309-946605",""
"2021/07/18 03:11:21","BTC/JPY","売り","3,349,437","BTC","-0.00000143","0","3,349,437","JPY","4","","","自己","BFF20210717-181121-215935",""
"2021/07/18 02:33:25","BTC","受取","0","BTC","0.00000143","0","3,452,376","","0","","","","REC20210717-173325-933635","bitFlyer Login Bonus(2021/07/18)"
"2021/07/17 21:05:03","BTC/JPY","売り","3,354,912","BTC","-0.00000134","0","3,354,912","JPY","4","","","自己","BFF20210717-120503-473437",""
"2021/07/14 17:00:09","XEM/JPY","買い","12.868","XEM","310.848616","0","12.868","JPY","-4,000","","","自己","BFF20210714-080009-466606",""
"2021/07/02 04:07:26","BTC","受取","0","BTC","0.00000134","0","3,749,000","","0","","","","REC20210701-190726-592970","bitFlyer Login Bonus(2021/07/02)"
"2021/06/29 05:45:56","XEM/JPY","買い","13.768","XEM","217.896571","0","13.768","JPY","-3,000","","","自己","BFF20210628-204556-524023",""
"2021/06/28 08:42:13","XEM/JPY","買い","13.147","XEM","76.06298","0","13.147","JPY","-1,000","","","自己","BFF20210627-234213-208088",""
"2021/06/27 11:28:09","XEM/JPY","買い","12.896","XEM","77.543424","0","12.896","JPY","-1,000","","","自己","BFF20210627-022809-857007",""
"2021/06/27 08:47:32","XEM/JPY","買い","12.499","XEM","80.0064","0","12.499","JPY","-1,000","","","自己","BFF20210626-234732-710933",""
"2021/06/26 19:32:47","JPY","入金","0","JPY","10,000","0","0","","0","","","","MDP20210626-103247-986608",""
"2021/06/18 06:17:55","XEM/JPY","買い","18.68","XEM","38.062098","0","18.68","JPY","-711","","","自己","BFF20210617-211755-572933",""
"2021/06/18 06:17:37","BTC/JPY","売り","4,025,760","BTC","-0.0001767","0","4,025,760","JPY","711","","","自己","BFF20210617-211737-570709",""
"2021/05/15 11:57:16","XEM/JPY","買い","36.526","XEM","43.913924","0","36.526","JPY","-1,604","","","自己","BFF20210515-025716-813979",""
"2021/05/13 12:51:02","BTC/JPY","買い","5,664,501","BTC","0.00008826","0","5,664,501","JPY","-500","","","自己","BFF20210513-035102-255135",""
"2021/05/13 10:04:17","BTC/JPY","買い","5,653,538","BTC","0.00008844","0","5,653,538","JPY","-500","","","自己","BFF20210513-010417-806541",""
"2021/05/06 10:03:46","XEM/JPY","売り","38.657","XEM","-24.843177","0","38.657","JPY","960","","","自己","BFF20210506-010346-260263",""
"2021/05/06 10:03:28","BTC/JPY","売り","6,040,465","BTC","-0.00027018","0","6,040,465","JPY","1,632","","","自己","BFF20210506-010328-257965",""
"2021/04/26 04:27:21","XEM/JPY","買い","32.202","XEM","24.843177","0","32.202","JPY","-800","","","自己","BFF20210425-192721-581347",""
"2021/04/24 13:12:08","BTC/JPY","買い","5,599,886","BTC","0.00026786","0","5,599,886","JPY","-1,500","","","自己","BFF20210424-041208-779476",""
"2021/04/17 09:58:53","XEM/JPY","売り","45.399","XEM","-50.823235","0","45.399","JPY","2,307","","","自己","BFF20210417-005853-001284",""
"2021/04/12 01:05:04","BTC","受取","0","BTC","0.00000076","0","6,561,496","","0","","","","REC20210411-160504-969084","bitFlyer Login Bonus(2021/04/12)"
"2021/04/10 00:38:23","BTC","受取","0","BTC","0.00000078","0","6,609,140","","0","","","","REC20210409-153823-544862","bitFlyer Login Bonus(2021/04/10)"
"2021/04/09 04:17:08","BTC","受取","0","BTC","0.00000078","0","6,399,995","","0","","","","REC20210408-191708-214293","bitFlyer Login Bonus(2021/04/09)"
"2021/03/16 06:42:31","XEM","預入","0","XEM","50","0","42.93195","","0","","","","CDP20210315-214231-582090",""
"2021/03/12 08:27:48","BTC/JPY","売り","6,100,140","BTC","-0.00000095","0","6,100,140","JPY","5","","","自己","BFF20210311-232748-581146",""
"2021/03/11 05:53:06","XEM","手数料","0","XEM","-3","0","65.34","","0","","","","CWD20210310-205306-740193F",""
"2021/03/11 05:53:06","XEM","外部送付","0","XEM","-28","0","65.34","","0","","","","CWD20210310-205306-740193",""
"2021/03/11 05:51:16","XEM/JPY","買い","64.764","XEM","31.823235","0","64.764","JPY","-2,061","","","自己","BFF20210310-205116-726424",""
"2021/03/10 07:54:46","XEM","手数料","0","XEM","-3","0","61.92375","","0","","","","CWD20210309-225446-758812F",""
"2021/03/10 07:54:46","XEM","外部送付","0","XEM","-47","0","61.92375","","0","","","","CWD20210309-225446-758812",""
"2021/03/10 07:53:33","XEM/JPY","買い","83.975","XEM","50","0","83.975","JPY","-4,199","","","自己","BFF20210309-225333-749791",""
"2021/03/05 03:30:18","BTC","受取","0","BTC","0.00000095","0","5,222,312","","0","","","","REC20210304-183018-282794","bitFlyer Login Bonus(2021/03/05)"
"2021/03/03 05:49:08","XEM/JPY","売り","71.719","XEM","-87.287917","0","71.719","JPY","6,260","","","自己","BFF20210302-204908-642428",""
"2021/02/11 12:05:48","XEM/JPY","買い","46.68","XEM","42.287917","0","46.68","JPY","-1,974","","","自己","BFF20210211-030548-908176",""
"2021/02/11 12:04:54","XEM/JPY","買い","46.704","XEM","45","0","46.704","JPY","-2,102","","","自己","BFF20210211-030454-899656",""
"2021/02/09 12:44:11","BTC/JPY","売り","4,695,676","BTC","-0.00000282","0","4,695,676","JPY","13","","","自己","BFF20210209-034411-393356",""
"2021/02/02 17:10:18","XEM/JPY","売り","24.831","XEM","-102.814995","0","24.831","JPY","2,552","","","自己","BFF20210202-081018-498835",""
"2021/02/02 06:49:55","BTC","受取","0","BTC","0.00000142","0","3,626,400","","0","","","","REC20210201-214955-976393","bitFlyer Login Bonus(2021/02/02)"
"2021/01/31 06:18:05","BTC","受取","0","BTC","0.0000014","0","3,479,881","","0","","","","REC20210130-211805-523220","bitFlyer Login Bonus(2021/01/31)"
"2021/01/29 23:10:03","BTC/JPY","売り","3,773,309","BTC","-0.00040067","0","3,773,309","JPY","1,511","","","自己","BFF20210129-141003-985379",""
"2021/01/22 13:01:59","BTC/JPY","買い","3,339,364","BTC","0.00040067","0","3,339,364","JPY","-1,338","","","自己","BFF20210122-040159-856523",""
"2021/01/22 09:15:36","BTC/JPY","売り","3,019,682","BTC","-0.00044328","0","3,019,682","JPY","1,338","","","自己","BFF20210122-001536-170374",""
"2021/01/17 16:40:36","XEM","手数料","0","XEM","-3","0","22.55165","","0","","","","CWD20210117-074036-656072F",""
"2021/01/17 16:40:36","XEM","外部送付","0","XEM","-60","0","22.55165","","0","","","","CWD20210117-074036-656072",""
"2021/01/17 16:31:10","BTC/JPY","買い","3,774,106","BTC","0.00044328","0","3,774,106","JPY","-1,673","","","自己","BFF20210117-073110-588902",""
"2021/01/13 11:16:32","XEM/JPY","買い","22.96","XEM","65.33101","0","22.96","JPY","-1,500","","","自己","BFF20210113-021632-347796",""
"2021/01/08 06:10:05","XEM/JPY","売り","22.091","XEM","-94","0","22.091","JPY","2,076","","","自己","BFF20210107-211005-263762",""
"2021/01/04 21:05:02","XEM/JPY","買い","21.73","XEM","100","0","21.73","JPY","-2,173","","","自己","BFF20210104-120502-910195",""
"2021/01/01 08:06:49","XEM/JPY","買い","22.48","XEM","44.483985","0","22.48","JPY","-1,000","","","自己","BFF20201231-230649-385915",""
"2020/12/05 18:58:09","BTC/JPY","売り","1,933,802","BTC","-0.00000247","0","1,933,802","JPY","4","","","自己","BFF20201205-095809-988961",""
"2020/12/04 07:56:07","BTC","受取","0","BTC","0.00000247","0","1,982,137","","0","","","","REC20201203-225607-154422","bitFlyer Login Bonus(2020/12/04)"
"2020/11/27 12:01:22","BTC/JPY","売り","1,740,768","BTC","-0.00000253","0","1,740,768","JPY","4","","","自己","BFF20201127-030122-943784",""
"2020/11/25 18:29:00","XEM/JPY","売り","18.475","XEM","-50.758182","0","18.475","JPY","937","","","自己","BFF20201125-092900-010311",""
"2020/11/21 11:14:14","BTC","受取","0","BTC","0.00000253","0","1,948,552","","0","","","","REC20201121-021414-084489","bitFlyer Login Bonus(2020/11/21)"
"2020/11/17 08:04:42","XRP/JPY","売り","28.13","XRP","-18.008361","0","28.13","JPY","506","","","自己","BFF20201116-230442-395668",""
"2020/11/15 17:12:05","XEM/JPY","売り","13.291","XEM","-82","0","13.291","JPY","1,089","","","自己","BFF20201115-081205-941698",""
"2020/11/15 17:11:40","XRP/JPY","売り","27.07","XRP","-20","0","27.07","JPY","541","","","自己","BFF20201115-081140-939068",""
"2020/11/15 00:34:20","XEM/JPY","売り","13.002","XEM","-50","0","13.002","JPY","650","","","自己","BFF20201114-153420-809603",""
"2020/11/12 21:32:55","XEM/JPY","売り","12.696","XEM","-40","0","12.696","JPY","507","","","自己","BFF20201112-123255-462261",""
"2020/10/25 17:43:50","XEM/JPY","買い","11.716","XEM","42.676681","0","11.716","JPY","-500","","","自己","BFF20201025-084350-789227",""
"2020/09/22 05:08:58","XEM/JPY","買い","11.802","XEM","84.731401","0","11.802","JPY","-1,000","","","自己","BFF20200921-200858-713168",""
"2020/09/09 12:16:15","XEM/JPY","買い","13.424","XEM","74.493444","0","13.424","JPY","-1,000","","","自己","BFF20200909-031615-958947",""
"2020/09/06 08:38:42","XRP/JPY","買い","26.31","XRP","38.008361","0","26.31","JPY","-1,000","","","自己","BFF20200905-233842-042873",""
"2020/09/06 08:38:15","XEM/JPY","買い","14.113","XEM","70.856656","0","14.113","JPY","-1,000","","","自己","BFF20200905-233815-039839",""
"2020/08/02 13:32:19","XRP/JPY","売り","29.59","XRP","-25","0","29.59","JPY","739","","","自己","BFF20200802-043219-649877",""
"2020/08/02 06:48:36","XRP/JPY","売り","29.41","XRP","-15","0","29.41","JPY","441","","","自己","BFF20200801-214836-019525",""
"2020/06/02 23:26:44","BTC/JPY","売り","1,078,563","BTC","-0.00308167","0","1,078,563","JPY","3,323","","","自己","BFF20200602-142644-681352",""
"2020/03/20 00:15:21","BTC","受取","0","BTC","0.000005","0","738,000","","0","","","","REC20200319-151521-912338","bitFlyer Login Bonus(2020/03/20)"
"2020/03/15 00:08:29","BTC","受取","0","BTC","0.000005","0","584,785","","0","","","","REC20200314-150829-254733","bitFlyer Login Bonus(2020/03/15)"
"2020/03/13 10:18:16","BTC/JPY","買い","529,713","BTC","0.003","0","529,713","JPY","-1,590","","","自己","BFF20200313-011816-739766",""
"2020/03/13 10:18:05","BTC/JPY","売り","502,416","BTC","-0.003","0","502,416","JPY","1,507","","","自己","BFF20200313-011805-738109",""
"2020/03/13 10:15:29","XRP/JPY","買い","15.98","XRP","40","0","15.98","JPY","-640","","","自己","BFF20200313-011529-721007",""
"2020/03/13 10:13:07","XRP/JPY","売り","15","XRP","-50","0","15","JPY","750","","","自己","BFF20200313-011307-704627",""
"2020/03/10 00:03:10","BTC","受取","0","BTC","0.000005","0","838,150","","0","","","","REC20200309-150310-285110","bitFlyer Login Bonus(2020/03/10)"
"2020/02/29 00:20:20","BTC","受取","0","BTC","0.000005","0","935,500","","0","","","","REC20200228-152020-993750","bitFlyer Login Bonus(2020/02/29)"
"2020/02/23 00:20:53","BTC","受取","0","BTC","0.000005","0","1,105,405","","0","","","","REC20200222-152053-600289","bitFlyer Login Bonus(2020/02/23)"
"2020/02/22 00:25:42","BTC","受取","0","BTC","0.000005","0","1,078,143","","0","","","","REC20200221-152542-682377","bitFlyer Login Bonus(2020/02/22)"
"2020/02/21 01:16:34","BTC/JPY","買い","1,113,254","BTC","0.000145","0","1,113,254","JPY","-162","","","自己","BFF20200220-161634-260143",""
"2020/02/21 00:27:40","BTC","受取","0","BTC","0.000005","0","1,083,394","","0","","","","REC20200220-152740-918796","bitFlyer Login Bonus(2020/02/21)"
"2020/02/20 14:30:49","XRP/JPY","買い","32.28","XRP","10","0","32.28","JPY","-323","","","自己","BFF20200220-053049-077694",""
"2020/02/20 00:15:34","BTC","受取","0","BTC","0.000005","0","1,076,763","","0","","","","REC20200219-151534-864803","bitFlyer Login Bonus(2020/02/20)"
"2020/02/19 10:02:57","BTC","受取","0","BTC","0.00089667","0","1,122,751","","0","","","","CGR20200219-010257-465439","株式会社　bitFlyer 日本最大級のビデオ・オンデマンド「U-NEXT」 "
"2020/02/18 12:59:12","BTC/JPY","買い","1,097,965","BTC","0.002","0","1,097,965","JPY","-2,196","","","自己","BFF20200218-035911-467653",""
"2020/02/18 12:57:36","XRP/JPY","買い","33.35","XRP","40","0","33.35","JPY","-1,334","","","自己","BFF20200218-035736-457222",""
"2020/02/13 14:20:57","XRP/JPY","売り","35.38","XRP","-30","0","35.38","JPY","1,061","","","自己","BFF20200213-052057-301771",""
"2020/02/13 12:10:44","XRP/JPY","売り","35.4","XRP","-20","0","35.4","JPY","708","","","自己","BFF20200213-031044-486583",""
"2020/02/12 22:38:00","XRP/JPY","買い","34.81","XRP","50","0","34.81","JPY","-1,741","","","自己","BFF20200212-133800-181222",""
"2020/02/06 13:54:54","BTC/JPY","売り","1,027,312","BTC","-0.000005","0","1,027,312","JPY","5","","","自己","BFF20200206-045454-239254",""
"2020/02/06 00:30:01","BTC","受取","0","BTC","0.000005","0","1,077,000","","0","","","","REC20200205-153000-253239","bitFlyer Login Bonus(2020/02/06)"
"2020/02/05 12:28:07","XRP/JPY","売り","29.15","XRP","-50","0","29.15","JPY","1,457","","","自己","BFF20200205-032807-556682",""
"2020/02/05 01:05:43","BTC/JPY","売り","972,642","BTC","-0.000005","0","972,642","JPY","4","","","自己","BFF20200204-160543-366322",""
"2020/02/05 01:05:17","XRP/JPY","売り","28.72","XRP","-10","0","28.72","JPY","287","","","自己","BFF20200204-160517-363074",""
"2020/02/03 07:22:29","XRP/JPY","売り","26.98","XRP","-40","0","26.98","JPY","1,079","","","自己","BFF20200202-222229-489760",""
"2020/01/19 15:39:34","XRP/JPY","売り","26.75","XRP","-40","0","26.75","JPY","1,070","","","自己","BFF20200119-063934-081533",""
"2020/01/19 00:11:19","BTC","受取","0","BTC","0.000005","0","949,537","","0","","","","REC20200118-151119-253419","bitFlyer Login Bonus(2020/01/19)"
"2020/01/15 09:34:21","BTC/JPY","売り","950,140","BTC","-0.000005","0","950,140","JPY","4","","","自己","BFF20200115-003421-632787",""
"2020/01/10 00:00:54","BTC","受取","0","BTC","0.000005","0","870,657","","0","","","","REC20200109-150054-629198","bitFlyer Login Bonus(2020/01/10)"
"2020/01/08 12:54:20","BTC/JPY","売り","883,255","BTC","-0.00001","0","883,255","JPY","8","","","自己","BFF20200108-035420-200209",""
"2020/01/07 05:29:40","XRP/JPY","売り","23.63","XRP","-3","0","23.63","JPY","70","","","自己","BFF20200106-202940-123763",""
"2019/12/20 00:54:20","BTC","受取","0","BTC","0.000005","0","786,500","","0","","","","REC20191219-155420-148170","bitFlyer Login Bonus(2019/12/20)"
"2019/12/17 21:35:43","XRP/JPY","買い","22.71","XRP","3","0","22.71","JPY","-69","","","自己","BFF20191217-123543-137413",""
"2019/12/03 10:22:15","XRP/JPY","買い","26.58","XRP","40","0","26.58","JPY","-1,064","","","自己","BFF20191203-012215-964492",""
"2019/12/03 10:16:31","XRP/JPY","買い","26.62","XRP","100","0","26.62","JPY","-2,662","","","自己","BFF20191203-011631-929739",""
"2019/12/03 00:44:34","BTC","受取","0","BTC","0.000005","0","797,907","","0","","","","REC20191202-154434-370258","bitFlyer Login Bonus(2019/12/03)"
"2019/11/23 18:02:32","BTC/JPY","売り","758,951","BTC","-0.004005","0","758,951","JPY","3,039","","","自己","BFF20191123-090232-893331",""
"2019/11/22 07:52:45","BTC/JPY","買い","851,680","BTC","0.001","0","851,680","JPY","-852","","","自己","BFF20191121-225245-698599",""
"2019/11/20 18:33:34","BTC/JPY","買い","899,364","BTC","0.001","0","899,364","JPY","-900","","","自己","BFF20191120-093334-267883",""
"2019/11/20 07:56:44","BTC/JPY","買い","906,915","BTC","0.001","0","906,915","JPY","-907","","","自己","BFF20191119-225644-550376",""
"2019/11/20 04:33:01","BTC/JPY","買い","911,036","BTC","0.001","0","911,036","JPY","-912","","","自己","BFF20191119-193301-368817",""
"2019/11/17 00:41:24","BTC","受取","0","BTC","0.000005","0","927,500","","0","","","","REC20191116-154124-215385","bitFlyer Login Bonus(2019/11/17)"
"2019/11/11 06:10:35","MONA/JPY","売り","116.761","MONA","-4.5","0","116.761","JPY","525","","","自己","BFF20191110-211035-925394",""
"2019/11/11 06:10:26","ETH/JPY","売り","19,743","ETH","-0.04","0","19,743","JPY","789","","","自己","BFF20191110-211026-924183",""
"2019/10/26 12:36:17","BTC/JPY","売り","1,016,230","BTC","-0.00208483","0","1,016,230","JPY","2,118","","","自己","BFF20191026-033617-814217",""
"2019/10/16 01:03:26","BTC","受取","0","BTC","0.000005","0","866,982","","0","","","","REC20191015-160326-810993","bitFlyer Login Bonus(2019/10/16)"
"2019/10/13 01:31:18","BTC","受取","0","BTC","0.000005","0","913,600","","0","","","","REC20191012-163118-255048","bitFlyer Login Bonus(2019/10/13)"
"2019/10/11 07:39:59","BTC/JPY","売り","900,949","BTC","-0.001","0","900,949","JPY","900","","","自己","BFF20191010-223959-291735",""
"2019/10/04 00:14:20","BTC","受取","0","BTC","0.000005","0","874,363","","0","","","","REC20191003-151420-965806","bitFlyer Login Bonus(2019/10/04)"
"2019/09/27 12:26:51","BTC/JPY","買い","890,706","BTC","0.00105983","0","890,706","JPY","-944","","","自己","BFF20190927-032651-054869",""
"2019/09/25 00:41:44","BTC","受取","0","BTC","0.000005","0","903,123","","0","","","","REC20190924-154144-769779","bitFlyer Login Bonus(2019/09/25)"
"2019/09/24 08:01:58","BTC/JPY","買い","1,072,360","BTC","0.002","0","1,072,360","JPY","-2,145","","","自己","BFF20190923-230158-215758",""
"2019/09/21 00:03:26","BTC","受取","0","BTC","0.000005","0","1,075,324","","0","","","","REC20190920-150326-857250","bitFlyer Login Bonus(2019/09/21)"
"2019/09/03 12:39:26","BTC/JPY","売り","1,085,648","BTC","-0.00054419","0","1,085,648","JPY","590","","","自己","BFF20190903-033925-809715",""
"2019/08/22 12:27:04","BTC","受取","0","BTC","0.00015689","0","1,075,385","","0","","","","ECR20190822-032704-459286","株式会社 bitFlyer Tポイント"
"2019/08/05 22:20:01","BTC/JPY","売り","1,249,806","BTC","-0.002","-0.000003","1,249,806","JPY","2,499","","","媒介","JOR20190805-131923-944988",""
"2019/07/27 00:33:49","BTC","受取","0","BTC","0.000005","0","1,027,975","","0","","","","REC20190726-153349-571326","bitFlyer Login Bonus(2019/07/27)"
"2019/07/23 00:22:03","BTC","受取","0","BTC","0.000005","0","1,079,860","","0","","","","REC20190722-152203-245633","bitFlyer Login Bonus(2019/07/23)"
"2019/07/21 00:24:30","BTC","受取","0","BTC","0.000005","0","1,121,662","","0","","","","REC20190720-152430-395783","bitFlyer Login Bonus(2019/07/21)"
"2019/07/18 00:12:35","BTC","受取","0","BTC","0.000005","0","1,112,183","","0","","","","REC20190717-151235-636571","bitFlyer Login Bonus(2019/07/18)"
"2019/07/17 11:24:54","BTC/JPY","買い","1,040,362","BTC","0.000008","0","1,040,362","JPY","-9","","","自己","BFF20190717-022454-698032",""
"2019/07/14 07:03:51","BTC/JPY","買い","1,227,656","BTC","0.00083","0","1,227,656","JPY","-1,019","","","自己","BFF20190713-220351-280377",""
"2019/07/13 16:54:02","BTC/JPY","買い","1,287,545","BTC","0.0008","0","1,287,545","JPY","-1,031","","","自己","BFF20190713-075402-115189",""
"2019/07/13 14:21:03","ETH/JPY","買い","31,174","ETH","0.04","0","31,174","JPY","-1,247","","","自己","BFF20190713-052103-761959",""
"2019/07/12 22:54:52","MONA/JPY","買い","229.6","MONA","1","0","229.6","JPY","-230","","","自己","BFF20190712-135452-428311",""
"2019/07/12 18:30:16","MONA/JPY","買い","232.52","MONA","2","0","232.52","JPY","-466","","","自己","BFF20190712-093016-809243",""
"2019/07/12 18:13:07","JPY","入金","0","JPY","4,000","0","0","","0","","","","MDP20190712-091307-767568",""
"2019/07/12 00:08:55","BTC","受取","0","BTC","0.000005","0","1,259,504","","0","","","","REC20190711-150855-100759","bitFlyer Login Bonus(2019/07/12)"
"2019/07/11 17:24:01","BTC/JPY","買い","1,284,322","BTC","0.00001","0","1,284,322","JPY","-13","","","自己","BFF20190711-082401-038075",""
"2019/07/10 19:09:37","MONA/JPY","買い","263.911","MONA","0.5","0","263.911","JPY","-132","","","自己","BFF20190710-100937-628655",""
"2019/07/10 18:48:13","MONA/JPY","買い","264.642","MONA","1","0","264.642","JPY","-265","","","自己","BFF20190710-094813-577958",""
"2019/07/10 18:47:39","BTC/JPY","売り","1,373,580","BTC","-0.0003","0","1,373,580","JPY","412","","","自己","BFF20190710-094739-576410",""
"2019/07/08 09:50:29","BTC","受取","0","BTC","0.00016955","0","1,290,910","","0","","","","CGR20190708-005029-114928","株式会社　bitFlyer 株式会社エムティーアイ"
"2019/07/08 09:50:28","BTC","受取","0","BTC","0.00084775","0","1,290,910","","0","","","","CGR20190708-005028-114801","株式会社　bitFlyer U-NEXT BookPlace（電子書籍・音楽chセット）"
